name,email
Sarah Marshall,samuel11@example.net
Jacqueline Mann,melissa81@example.com
Brandon Wall,jonconner@example.net
Roy Miranda,friedmannicole@example.com
Charles Wells,veronicahaynes@example.org
Chris Henderson,bailey29@example.net
Rebecca Allen,gutierrezjason@example.org
Tamara Fisher,eruiz@example.com
Laura Newton,wconley@example.org
Alfred Sanders,aaron71@example.com
Evan Clark,danielsteven@example.org
Mr. Joshua Campos,autumn52@example.org
Adam Lewis,kingronnie@example.com
Ruben Howard,samantha67@example.net
Kenneth Moore,rachel80@example.net
Mr. Mark Shaffer Jr.,zcisneros@example.org
Charles Daniels II,teresacurry@example.net
Stacy Cabrera,sarah38@example.org
Dana Kelly,paynefelicia@example.net
Courtney Hall DDS,jlivingston@example.net
Trevor Brown,alexandraross@example.org
Christopher Woods,jeremy98@example.net
Daniel Jones,charlesbennett@example.net
Cynthia Schwartz,keithboyd@example.net
Parker Harrison,stephanievalentine@example.org
Andrea James,crystalsullivan@example.com
Stephanie Jones,sheila42@example.org
Gary Hodges,jmoody@example.org
Jacqueline Rodgers,erinmartin@example.com
Douglas Sanchez,jbell@example.com
Shane Ross,yjohnson@example.net
Cassandra Holmes,jacobcase@example.org
Debbie Wheeler,carrollhayley@example.com
Matthew Miller,james60@example.org
Andrew Blankenship,dylan26@example.org
Miss Carmen House MD,richardsonamanda@example.net
Mrs. Sara Jones,kevinsaunders@example.net
Melissa Farrell,hmonroe@example.org
Justin Jensen,chelsea55@example.net
April Johnson,rmitchell@example.org
Amanda Bailey,birdlaura@example.org
Mr. David Martin II,mikeporter@example.com
Caitlyn Garcia,robertaustin@example.net
Jason Garrison,chelsea46@example.org
Joanna Smith,clarksean@example.org
Sherri Strong,williamseric@example.org
Sabrina Murphy,tbuck@example.net
Erica Sheppard,chelsea62@example.org
William Atkinson,xjones@example.net
Lee Wang,kellystanley@example.org
Erin Robinson,ashleykirby@example.org
Candice Peterson,raygregory@example.com
Robert Payne,ruizamy@example.com
Holly Anderson,jamie84@example.org
Brian Snyder,xpeters@example.net
Deborah Parks,tallen@example.com
Danielle Sanchez,johnmcdaniel@example.org
Tamara Macdonald,austin19@example.net
Jordan Solis,ramirezmichael@example.com
Donald Little,blackwellerik@example.net
James Garcia,matthewhorton@example.org
Barbara Bullock,brianna02@example.org
Mario Davis,victoriamccoy@example.com
Robert Harrison,kellyschmidt@example.com
Christina Jordan,daniel81@example.net
Katherine Taylor,tcarter@example.com
Mikayla Ramos,jmeyer@example.net
Christina Molina,hollyjones@example.net
Ryan Erickson,hughesrebecca@example.org
Gregory Koch,jamesramos@example.org
Mike Soto,chavezchristopher@example.com
Rebecca Johnson,howardmorgan@example.org
Erica Huffman,sheltonmelissa@example.net
Victoria Anderson,april43@example.net
Alexander Davis,palmergerald@example.com
Douglas Riddle,emily67@example.com
Steven Ferguson,kelly94@example.com
Suzanne Camacho,kevin00@example.com
Matthew Daniels,brianweaver@example.net
Fernando Perez,zavaladonald@example.com
Christina Simmons,guerrerovictor@example.com
Michael Ware,ayoung@example.com
Timothy English,andre13@example.net
David Campbell,deborahrodriguez@example.com
Justin Ruiz,stephanie69@example.com
Courtney Saunders,melissa84@example.org
Paul Gentry,ortegarobert@example.org
Maria Jordan,floresjoseph@example.com
Evelyn Smith,bradley67@example.net
Mary Harrington,flee@example.net
Monique Ray,brandoncarey@example.com
Logan Ward,philiplong@example.net
Bernard Williams,kschroeder@example.com
Jeffrey Henderson,ggordon@example.net
Larry Pratt,alejandro11@example.net
Brandi Garcia,andrew40@example.com
Donald Walter,nealkeith@example.org
Brianna Mcneil,rhondacurtis@example.org
David Davis,justintate@example.net
Gary Walker,olarsen@example.com
